,wiki_id
612,Q1018606
64,Q102462
241,Q102551
141,Q102642
206,Q102813
107,Q1033016
13,Q103343
80,Q103646
889,Q1037848
232,Q103894
118,Q103917
589,Q1039543
1725,Q1040441
226,Q104049
902,Q1040571
444,Q104109
139,Q104266
1828,Q1044653
94,Q104514
2015,Q104906258
757,Q104985462
1111,Q1051160
650,Q105118
591,Q105487
72,Q105660
1910,Q105725
159,Q105817
186,Q105825
715,Q105875
1495,Q105993238
406,Q106126
373,Q106221
194,Q106275
2035,Q1064136
1889,Q1064473
1274,Q1064629
1537,Q1065205
1966,Q1065618
1617,Q1065815
1440,Q1066019
864,Q106777834
2062,Q107039718
1138,Q1077361
648,Q1077553
153,Q108283
201,Q108366
474,Q108560
1182,Q1089208
90,Q108935
2107,Q1091934
836,Q1094826
1951,Q1097965
1821,Q1104084
299,Q1111542
588,Q111436
1694,Q1117915
2092,Q1123883
1575,Q1126623
1044,Q1126713
1008,Q1126835
1678,Q1127284
1560,Q1127299
1572,Q11284
2063,Q11300
1011,Q11305
748,Q11313
1337,Q1132892
1132,Q1132960
2069,Q113336
1769,Q1136806
2112,Q113861
1403,Q1148248
969,Q1159081
1243,Q1159105
1762,Q1160785
1785,Q1161655
1352,Q1162881
702,Q11638102
2106,Q1164674
908,Q1168358
608,Q116854
497,Q116861
482,Q116983
876,Q117147
1777,Q1173216
1604,Q1173828
1693,Q1174420
664,Q1174454
709,Q1174468
760,Q1175128
647,Q11775366
2221,Q11775407
1103,Q11775486
1993,Q11776235
2108,Q11781430
739,Q11781538
1003,Q1180730
450,Q1181116
878,Q11817
2009,Q118655
838,Q1189128
782,Q1189377
776,Q11903371
1954,Q1192220
41,Q11930
76,Q119798
2095,Q11980717
349,Q119935
1960,Q1200053
9,Q12003
434,Q1203
538,Q12059144
1900,Q1207139
256,Q1208568
1110,Q12088491
1214,Q120983
479,Q1225
607,Q1225141
660,Q1226913
1937,Q1229279
1387,Q1229499
1641,Q1230940
1285,Q1231435
112,Q123351
1306,Q123592
1555,Q1239201
1885,Q1239503
944,Q1239909
1810,Q1240197
1248,Q1240386
1426,Q124474
1201,Q1252563
1849,Q1255794
326,Q126098
701,Q1265581
1887,Q1270112
1039,Q1271389
1726,Q1273552
1415,Q1273621
1776,Q1277190
1329,Q1279691
2044,Q1283768
1286,Q1286383
787,Q128746
1944,Q1290770
1301,Q1291551
2176,Q1291862
1858,Q1292284
2034,Q1292659
1063,Q1293513
210,Q129429
2170,Q1294704
2163,Q1294872
37,Q129817
1061,Q1298183
517,Q1299
935,Q1305608
2173,Q1312419
610,Q1312577
263,Q131285
1346,Q1313325
73,Q131380
564,Q1314113
1278,Q1315512
816,Q1319095
1167,Q1319539
1545,Q132302
2055,Q1325753
2061,Q1329546
92,Q133050
1930,Q1332271
1085,Q1332599
2109,Q1334193
597,Q1334295
681,Q1335915
1095,Q1336198
697,Q1336515
658,Q1336850
659,Q1337082
2135,Q1337211
2037,Q1338253
315,Q1339448
674,Q1339491
1115,Q1339881
2093,Q1339932
43,Q134077
1504,Q1343394
1943,Q1344734
898,Q1346580
740,Q1346696
1594,Q13471727
1133,Q1348041
209,Q134867
86,Q134895
2152,Q13493406
420,Q1349456
979,Q1350676
1213,Q1351247
1897,Q1351447
2080,Q1351550
1529,Q1351634
2210,Q13531127
1958,Q13560398
1815,Q1356204
1045,Q1356226
1646,Q1356497
937,Q1356507
988,Q1358291
1054,Q1359405
845,Q1361541
196,Q136209
1224,Q1362097
1325,Q1362717
1135,Q1364297
1829,Q1364870
1903,Q1365563
815,Q1365966
1191,Q1367518
2017,Q1368213
324,Q1368300
1290,Q1370195
975,Q1370251
1299,Q1373348
1915,Q1373988
1526,Q1375195
1027,Q1375642
1942,Q1378700
855,Q1379404
617,Q1379980
1498,Q1380406
1624,Q1380831
1367,Q1380910
843,Q1381702
563,Q1382544
621,Q1385337
1935,Q1386352
950,Q1386549
900,Q1387048
1775,Q1390055
1,Q13909
594,Q1392079
1083,Q139384
449,Q1394956
952,Q1396531
1279,Q1399974
360,Q140017
1283,Q1406095
1122,Q1409480
1721,Q1412129
1676,Q1418234
1696,Q1424476
1490,Q1424757
1637,Q1430524
1614,Q1439818
1259,Q1441455
1683,Q1442462
717,Q1442674
2036,Q1443174
1567,Q1443750
1609,Q1443916
2124,Q1444092
8,Q14441
1663,Q1444294
1979,Q1444560
2083,Q1445229
380,Q144622
867,Q144896
1596,Q1449921
1759,Q1451208
1893,Q1452367
996,Q1452750
2209,Q1453229
1838,Q1453232
2119,Q1454375
883,Q1455793
1538,Q146051
3,Q147077
1291,Q1476230
2100,Q1479623
1541,Q1479778
1647,Q1489815
1855,Q1493931
960,Q1494198
2171,Q1494888
1303,Q1494959
1628,Q1496347
1913,Q1499405
2046,Q1501408
1925,Q1501432
45,Q150482
1802,Q1507268
1407,Q1507653
1697,Q1508118
1578,Q1508565
101,Q150943
499,Q151231
559,Q15123969
940,Q1516833
1370,Q1521771
1990,Q1522637
549,Q152888
199,Q153018
1353,Q1531054
536,Q153172
584,Q153579
1880,Q1537991
1190,Q1538104
2201,Q1542688
886,Q1543185
1651,Q1543195
1237,Q1545033
1146,Q15453518
1245,Q15455190
2102,Q1547897
439,Q155124
1418,Q15540157
774,Q1557489
2222,Q15623015
1489,Q15632105
2038,Q15637776
714,Q156596
1368,Q1569339
939,Q15694643
1406,Q15709361
2067,Q15710493
1467,Q15710740
1638,Q1573916
1210,Q15783382
1996,Q15784088
1098,Q15808023
1226,Q15818581
968,Q15821130
1395,Q1582156
1591,Q15823656
1515,Q15832725
1254,Q15834040
1024,Q15836491
698,Q15838495
980,Q15839740
1140,Q15840165
706,Q15841720
1650,Q15849216
2068,Q15853556
2208,Q15855329
1503,Q1585851
1319,Q1586410
1046,Q15865116
1751,Q1586690
1856,Q15874738
684,Q15884784
687,Q15885146
982,Q15885371
1268,Q15885376
627,Q15885378
1267,Q15885394
1014,Q15885455
1824,Q15885469
264,Q159347
2045,Q15999678
1659,Q16006580
2139,Q16007663
1766,Q16008142
2025,Q16009761
2058,Q16015193
2047,Q16018374
1791,Q16019388
1276,Q1604077
193,Q160528
999,Q16063227
2060,Q1606514
1242,Q1606794
220,Q160726
1999,Q1607864
2187,Q1609165
1163,Q1609199
1867,Q1609972
666,Q16102971
2141,Q1610333
1571,Q16116887
1933,Q1613153
1269,Q16146270
1194,Q16150266
796,Q16159958
2223,Q16162621
1464,Q16164109
728,Q1616820
1798,Q16171000
797,Q1617323
133,Q161819
1588,Q16193228
1511,Q16193503
1026,Q16193961
1907,Q16197897
893,Q16198174
1366,Q16198562
1225,Q16198707
1746,Q16199139
1860,Q16199863
730,Q16201471
1767,Q16205866
1434,Q16207438
1748,Q16207538
67,Q16207879
586,Q16208322
1159,Q1620897
1612,Q16210211
1519,Q16210323
834,Q16211594
1681,Q16211967
1236,Q16212162
761,Q16212641
1363,Q16225121
1009,Q16225244
1629,Q16229781
799,Q16230245
114,Q162492
433,Q162621
2136,Q1627924
1620,Q1631803
1957,Q1634543
1216,Q1634597
1582,Q1634694
165,Q16390
859,Q1652953
1734,Q1655499
1500,Q1656923
680,Q166000
732,Q1660432
181,Q166272
62,Q166389
2032,Q1666270
1512,Q166723
1124,Q1668257
509,Q166887
1565,Q1670986
2099,Q1672338
1430,Q16726115
995,Q16728001
685,Q16730623
1502,Q16731142
1982,Q16731260
1904,Q16731494
752,Q16731914
1643,Q16733957
1505,Q16734293
1616,Q16734557
1670,Q16734760
2158,Q1674729
2147,Q16750458
120,Q167520
1898,Q1675606
1873,Q1676994
2217,Q1677007
2120,Q1677235
1362,Q1678535
1548,Q1679448
2024,Q1680316
1853,Q1680430
1289,Q1680994
2057,Q1681261
1020,Q168169
1287,Q1682531
875,Q1683011
2137,Q1684305
901,Q1685654
1679,Q16857518
1921,Q16866670
2070,Q1687065
147,Q168721
53,Q168724
1313,Q16875126
1175,Q16875332
922,Q1687602
2144,Q1687742
1750,Q16886125
1712,Q16886364
1724,Q1690720
1636,Q1690722
1309,Q1691344
1634,Q1691570
1695,Q1691721
1143,Q1699098
933,Q1699139
1321,Q1699413
1916,Q1699437
1472,Q1699538
1639,Q1699673
1851,Q1699673
1300,Q1701116
822,Q1701183
1509,Q1701288
2087,Q1701293
2192,Q1701463
1423,Q1701885
1722,Q1702126
1599,Q1702242
1082,Q1705192
60,Q170574
85,Q170587
1592,Q1706396
1433,Q1706967
1959,Q1707407
2085,Q1708070
1168,Q1708414
2013,Q1711555
1735,Q1711853
861,Q1711898
1771,Q1712018
137,Q171736
146,Q171745
871,Q1718449
1611,Q1718481
93,Q171905
1189,Q1722867
79,Q172653
1618,Q1728848
1986,Q17291692
1864,Q17292257
1199,Q17292271
1977,Q1729241
2079,Q1730166
1744,Q17314542
168,Q173158
2094,Q1735137
113,Q173585
1376,Q1741571
2115,Q17421383
1069,Q1743733
65,Q174843
361,Q174908
1112,Q1750698
1586,Q17521933
1633,Q1754756
34,Q175535
2010,Q17626514
1126,Q176324
1752,Q1764766
1581,Q176524
1707,Q1767860
1288,Q177219
1928,Q178716
1322,Q1793822
202,Q179497
971,Q180029
1577,Q1802451
535,Q180251
1041,Q18045286
81,Q180560
2081,Q1806083
1528,Q180645
1272,Q1806583
1621,Q180899
1558,Q1809192
568,Q180975
1711,Q181230
154,Q181413
532,Q181683
305,Q181774
410,Q181786
151,Q181799
403,Q181819
1673,Q1818548
1714,Q1818748
298,Q181887
1208,Q1818885
261,Q181899
312,Q181917
135,Q181936
551,Q182057
304,Q182104
1209,Q18217823
1261,Q1822152
727,Q182229
442,Q182292
456,Q182349
228,Q182372
297,Q182408
395,Q182431
227,Q182450
480,Q182462
307,Q182486
790,Q1824940
1043,Q1827244
1229,Q1827266
109,Q182763
1483,Q1827728
561,Q182870
1952,Q182986
624,Q18341834
212,Q18350026
174,Q183532
105,Q185051
205,Q185079
44,Q185140
605,Q185655
737,Q1857753
1156,Q1858445
1764,Q1859204
590,Q185928
966,Q1859686
1471,Q1869820
99,Q187033
2132,Q1871863
785,Q18719350
1550,Q187269
155,Q187364
1308,Q1874018
916,Q18808589
116,Q188459
303,Q188726
11,Q188955
1233,Q18924429
258,Q189422
12,Q189490
253,Q189895
530,Q18994
991,Q1902733
1570,Q1903560
134,Q190523
185,Q190994
188,Q190998
296,Q191027
2003,Q1911401
1593,Q1911409
1127,Q19116423
1302,Q19119517
110,Q19155
40,Q191828
830,Q19185
943,Q192185
180,Q192410
560,Q1926986
1736,Q19278334
558,Q19282738
1786,Q1929353
885,Q19297690
927,Q1929804
522,Q1935109
1123,Q19359565
1057,Q19359572
111,Q193628
265,Q193653
117,Q193668
997,Q19518362
1569,Q19519205
1852,Q19629057
1608,Q19631454
1479,Q1966681
375,Q1969967
820,Q1970454
490,Q1971984
1297,Q1973924
125,Q19848
673,Q1986436
1059,Q1992382
2159,Q1993551
1605,Q1998209
50,Q199884
1806,Q1999283
1656,Q1999710
91,Q2001
744,Q20020631
61,Q200534
138,Q20178
1812,Q2020181
255,Q202144
204,Q202172
102,Q202735
0,Q202765
2111,Q2032329
2153,Q2036265
338,Q203819
31,Q204299
376,Q204685
1640,Q2054753
1106,Q2058196
929,Q2059621
1837,Q2062126
2056,Q2062426
1551,Q2062658
1799,Q2063009
362,Q206439
587,Q20668153
1756,Q206802
852,Q207356
1774,Q2075453
435,Q207773
1476,Q2080733
1036,Q20815648
1298,Q2086416
1912,Q2087704
1215,Q2089199
2116,Q2093312
1590,Q2094844
550,Q21012756
145,Q211144
1031,Q2118269
49,Q212026
545,Q212762
387,Q212957
769,Q2130828
249,Q213287
437,Q213302
890,Q213611
1393,Q213811
1145,Q214066
1950,Q214664
694,Q214665
1780,Q2148960
1377,Q2149700
1448,Q2150412
1803,Q2151619
1779,Q2157493
2105,Q2157833
1953,Q2158525
1896,Q2158543
751,Q2158922
88,Q215976
556,Q2161534
2012,Q2161758
1439,Q2166046
1204,Q2173097
160,Q217573
812,Q2176956
140,Q219124
291,Q219521
985,Q219910
1657,Q21994332
426,Q220010
1032,Q22008918
641,Q22073999
601,Q22074016
1927,Q22074629
1458,Q22074631
963,Q22075519
1919,Q22075529
771,Q22075534
1022,Q22075538
1284,Q22075543
1258,Q22075544
1374,Q22075550
1825,Q22075553
1428,Q22075556
1689,Q22075558
2149,Q22075559
655,Q22075563
136,Q220901
1988,Q22101864
1561,Q22101971
1710,Q22102096
2168,Q22102131
1823,Q22102137
947,Q22107887
1048,Q22114100
1473,Q22114874
920,Q22115227
526,Q2221492
1001,Q2224404
1826,Q2224530
190,Q223233
992,Q223408
652,Q22350284
466,Q223988
295,Q224021
235,Q224054
2125,Q2261020
1231,Q2261046
7,Q2263
720,Q2271522
2178,Q2275891
1070,Q2280900
279,Q228650
394,Q228904
250,Q228906
230,Q228928
150,Q228931
389,Q229169
131,Q229181
124,Q229254
175,Q229410
83,Q229487
276,Q230126
657,Q230128
157,Q230131
290,Q230136
172,Q230138
431,Q230143
540,Q230147
167,Q230151
475,Q230159
246,Q230184
218,Q230188
342,Q230214
243,Q230218
341,Q230448
425,Q230626
329,Q230795
635,Q230832
464,Q230841
1118,Q2316737
415,Q2318712
616,Q2318968
352,Q232109
542,Q23215
496,Q232532
254,Q232538
313,Q232541
317,Q232562
281,Q232588
182,Q232874
679,Q232879
257,Q232933
242,Q232941
325,Q23301
1195,Q2331807
369,Q233832
384,Q233845
327,Q233850
726,Q233856
370,Q234169
1627,Q2344540
144,Q234544
1221,Q2347318
476,Q234961
413,Q235077
759,Q235759
1432,Q2357791
2097,Q2357822
1443,Q23669483
1533,Q236708
2189,Q2370120
1600,Q2373669
887,Q2377449
1876,Q2377585
56,Q23844
386,Q23848
25,Q2388576
2140,Q2391399
688,Q2394090
311,Q239691
461,Q239745
457,Q239770
837,Q240370
557,Q240566
1832,Q2405762
747,Q2419093
1128,Q2433849
914,Q246724
164,Q24829
716,Q24852137
259,Q248837
565,Q2499079
2039,Q2500741
1311,Q2506653
74,Q25089
404,Q25134
1424,Q2514156
804,Q2514268
78,Q25144
234,Q2514422
959,Q2517245
2040,Q2522160
1211,Q2522428
417,Q253282
447,Q253298
455,Q253308
314,Q253384
1902,Q2536771
368,Q25369
1130,Q2544556
1857,Q2544572
429,Q2546373
1331,Q2549739
2031,Q2549756
1922,Q2566372
1845,Q2571042
2157,Q2576629
808,Q2576962
1984,Q2577710
2156,Q2578830
1671,Q2579783
2186,Q2580804
1965,Q2580846
1117,Q2581424
512,Q258156
1360,Q2585517
374,Q2599
221,Q259913
443,Q260125
689,Q26062
891,Q260963
735,Q261314
868,Q2613709
1583,Q261615
934,Q261997
1945,Q262728
460,Q262735
424,Q2632
358,Q263486
293,Q263663
2050,Q2636767
2150,Q2641345
502,Q264276
463,Q2643
631,Q264565
1584,Q2653343
691,Q266521
534,Q26695
626,Q267441
1109,Q2675693
98,Q26821227
1524,Q26847118
750,Q269094
391,Q269214
268,Q269692
611,Q270038
723,Q270669
126,Q270730
236,Q273208
272,Q273215
874,Q273502
1450,Q2735964
1795,Q274244
356,Q2747456
1827,Q278612
1042,Q278759
1911,Q2790955
533,Q279100
1349,Q2791166
1972,Q279129
1872,Q27959916
1742,Q2798353
77,Q280098
1506,Q28020865
899,Q2802166
766,Q2803671
1895,Q28039459
721,Q280490
148,Q28054
1414,Q28059546
343,Q2808
1002,Q281022
1005,Q28123217
629,Q281939
179,Q282722
104,Q28288
275,Q2832952
910,Q28530138
1522,Q28530138
1417,Q28530518
1429,Q28530520
477,Q28534111
576,Q28534248
1154,Q28540110
491,Q28556
644,Q285928
784,Q2863473
2142,Q28675851
827,Q288337
1227,Q28839585
1475,Q28839597
1770,Q28933997
848,Q28941
1187,Q2899218
171,Q290091
500,Q290666
567,Q290962
378,Q291141
1457,Q2913255
896,Q291686
749,Q292399
1141,Q293078
16,Q29328
1961,Q29371944
682,Q2941990
411,Q294454
271,Q294641
580,Q294773
566,Q295093
294,Q295463
334,Q295593
1139,Q29583521
1359,Q29583521
487,Q29585307
363,Q295912
1212,Q295948
1324,Q2964777
280,Q296491
310,Q296630
2002,Q2966560
440,Q296698
488,Q296796
513,Q296804
798,Q297523
620,Q297935
738,Q298295
273,Q298818
722,Q298905
177,Q299194
554,Q299419
1840,Q3012709
904,Q3017563
918,Q3018583
2072,Q302535
599,Q302645
1378,Q3035731
1718,Q3038828
2207,Q3062950
468,Q30639849
619,Q306891
1635,Q30709683
955,Q30709794
301,Q3074245
1361,Q3086978
2166,Q3098984
1508,Q3101687
208,Q310324
779,Q310379
286,Q310413
492,Q310934
282,Q310960
1160,Q3115838
606,Q312073
397,Q312084
320,Q312107
598,Q312290
570,Q312364
582,Q312434
668,Q312640
577,Q312657
575,Q312674
229,Q312751
849,Q31292
828,Q31294
399,Q313198
345,Q313256
1172,Q313270
669,Q313281
470,Q313362
957,Q313371
1275,Q313554
292,Q313566
1425,Q3137
853,Q313841
321,Q314142
683,Q3141525
1188,Q314176
1454,Q314926
339,Q314935
402,Q315723
354,Q315728
416,Q315734
55,Q316446
322,Q316641
912,Q3170092
767,Q317033
472,Q317272
863,Q317574
835,Q318188
238,Q318287
421,Q318312
1685,Q3183201
858,Q3183784
481,Q318475
1152,Q3196483
781,Q319693
521,Q320025
516,Q320211
529,Q3208159
462,Q322179
1345,Q323271
1176,Q323445
176,Q324572
1255,Q325190
2126,Q3260115
1625,Q3266803
1088,Q327165
1427,Q327391
866,Q328379
353,Q328723
1525,Q329073
1092,Q3294200
445,Q329577
277,Q329719
1162,Q329972
1181,Q329998
2054,Q331123
1174,Q33124
1664,Q332043
1307,Q332046
1792,Q332325
639,Q332530
1401,Q3328202
842,Q335507
392,Q336018
574,Q336206
469,Q336640
319,Q336841
2066,Q3370884
1665,Q337089
1375,Q3371500
103,Q3371986
579,Q337206
278,Q337658
924,Q3376961
75,Q34012
1077,Q3406366
485,Q341873
1158,Q341873
1492,Q3420519
1615,Q3426152
745,Q3430928
2212,Q3431371
729,Q3435778
106,Q34460
332,Q344735
539,Q344750
388,Q344758
393,Q344793
572,Q345494
956,Q346384
123,Q347879
803,Q347945
195,Q34816
87,Q34851
1757,Q3487133
596,Q349248
66,Q349391
1342,Q3496862
191,Q350405
390,Q350666
336,Q350678
548,Q350690
703,Q350704
1197,Q351563
1087,Q3521551
2008,Q3528562
347,Q352948
755,Q353019
6,Q35332
1892,Q353768
543,Q353788
1116,Q355289
1739,Q355289
1754,Q355289
789,Q355995
704,Q3563826
1488,Q356614
718,Q356650
1218,Q3568906
269,Q357210
1788,Q357386
351,Q357627
800,Q357735
872,Q358023
396,Q358370
670,Q359311
911,Q359509
219,Q360001
622,Q360399
68,Q360531
2191,Q3610103
432,Q361336
1094,Q361720
1223,Q362210
467,Q362930
18,Q36301
807,Q363343
523,Q363413
892,Q363698
1435,Q364124
1790,Q364163
768,Q364342
1649,Q364405
817,Q365199
422,Q365230
1222,Q365310
1294,Q366320
707,Q366876
528,Q367073
665,Q367084
1499,Q367614
2022,Q367745
1394,Q368378
653,Q369190
22,Q36949
1441,Q3700365
1241,Q3701636
1198,Q3703287
501,Q370765
260,Q372394
1147,Q373115
981,Q3736945
28,Q37459
1114,Q3749342
52,Q375590
1563,Q376138
1606,Q376563
1205,Q376630
15,Q3772
1822,Q377464
1480,Q3776396
21,Q37876
1380,Q3791677
1296,Q3807917
569,Q380920
1607,Q3809962
1772,Q3810369
4,Q38111
1262,Q381807
1946,Q3827165
1983,Q383142
162,Q3840847
949,Q385055
1556,Q3880432
2004,Q389849
1740,Q390731
382,Q392
143,Q3925
1064,Q393686
1413,Q393686
1866,Q393686
1737,Q3942889
656,Q3942970
1730,Q3960118
1487,Q3973135
2206,Q3973175
48,Q39792
1808,Q400584
2033,Q4015460
412,Q402649
215,Q40475
36,Q40523
70,Q40531
63,Q40572
805,Q40663946
1708,Q4069232
1516,Q40701
33,Q40791
224,Q408650
237,Q40912
1079,Q409875
1161,Q410072
127,Q41142
24,Q41148
1602,Q4115621
46,Q41163
731,Q412771
1758,Q412883
642,Q412953
1557,Q413141
47,Q41351
1879,Q414222
783,Q414820
1055,Q414908
1358,Q415391
1807,Q415425
742,Q415562
309,Q416967
400,Q418582
84,Q41871
473,Q419454
20,Q42101
38,Q42229
161,Q4227
1666,Q424938
96,Q42574
636,Q425821
108,Q42786
14,Q42869
130,Q42930
615,Q429715
1847,Q430899
1101,Q431611
19,Q43203
178,Q43247
119,Q43252
27,Q433417
1068,Q43370948
287,Q434342
1765,Q434645
1720,Q435007
841,Q435034
1446,Q435241
1809,Q4353908
1535,Q435908
928,Q436125
454,Q436223
989,Q436384
1091,Q436530
1256,Q436584
638,Q436704
1642,Q436748
2165,Q437621
2128,Q438450
1049,Q439194
10,Q439314
1196,Q439320
1080,Q439364
1531,Q439444
926,Q439536
1436,Q439651
1613,Q439853
1338,Q440027
643,Q440313
39,Q44063
1674,Q441842
69,Q44221
2071,Q443047
856,Q445438
142,Q4465
1842,Q446763
1463,Q447433
348,Q44857
1033,Q448644
1350,Q449030
724,Q449238
663,Q449349
819,Q450022
1568,Q450620
465,Q450720
1185,Q451071
2154,Q451248
1690,Q452236
964,Q452553
1865,Q453160
1404,Q453461
1090,Q453758
1052,Q455394
993,Q455568
654,Q455749
504,Q457279
71,Q4573
419,Q457493
1144,Q457497
26,Q45772
870,Q457864
1687,Q458458
692,Q458815
1137,Q459177
1667,Q459551
1478,Q459556
905,Q459814
1782,Q460045
430,Q460144
266,Q460277
1459,Q460376
515,Q460662
734,Q460684
385,Q461529
1264,Q462027
1888,Q462572
1494,Q462905
625,Q463119
197,Q4636
931,Q463883
128,Q464169
1741,Q464764
1437,Q466666
2019,Q466680
810,Q467027
700,Q4678938
725,Q468339
958,Q470040
302,Q471309
1421,Q4717050
628,Q4723204
1372,Q472951
1486,Q4731669
1431,Q473475
1235,Q47498703
1282,Q47498718
1416,Q47503052
1078,Q47528380
961,Q4758985
54,Q47664
1000,Q4767409
987,Q4768661
1312,Q4772583
1703,Q4795252
1789,Q4799463
791,Q4804067
1645,Q4829042
23,Q483118
58,Q48337
51,Q484523
1481,Q4864769
862,Q486883
1058,Q48703391
1658,Q487090
967,Q487136
1065,Q487136
1089,Q487136
1206,Q487136
1266,Q487136
1365,Q487136
1292,Q487355
2202,Q4886448
1686,Q4889043
1854,Q48910446
289,Q48987
1755,Q4899402
802,Q489951
170,Q49001
595,Q490198
1749,Q4910718
1389,Q4911227
1559,Q4911249
1038,Q4911333
214,Q491314
1030,Q4913471
2096,Q4932504
1987,Q4933420
923,Q49440371
458,Q495321
149,Q495980
710,Q497075
520,Q4980101
1344,Q500259
736,Q502923
786,Q502957
1151,Q503480
2030,Q504191
1062,Q50474841
1745,Q505035
2075,Q505108
1691,Q505114
1705,Q505353
1861,Q505498
1890,Q5056194
2131,Q505629
1334,Q505675
662,Q505940
1072,Q506001
1447,Q506014
1870,Q506155
793,Q506268
1382,Q506302
1587,Q506304
1466,Q506404
1410,Q506734
1460,Q506766
452,Q506885
1794,Q506888
1532,Q506995
1580,Q507122
1723,Q507137
1076,Q507252
1177,Q507423
1878,Q507485
1099,Q5075343
1632,Q5078430
1164,Q507861
1357,Q508242
1901,Q508351
613,Q508660
946,Q508973
844,Q509015
2117,Q509635
941,Q509671
1530,Q509701
1096,Q509948
1327,Q5106410
2076,Q5106721
1050,Q5107004
408,Q5107464
1021,Q5107534
132,Q510970
583,Q5110079
308,Q51114
1246,Q511446
1149,Q512041
1384,Q512224
1220,Q5125353
1899,Q5126544
1186,Q5127380
1817,Q512775
1354,Q513356
1704,Q513410
1835,Q513625
1018,Q5145136
489,Q51490
401,Q51491
156,Q51492
379,Q51495
498,Q51503
198,Q51506
211,Q51522
323,Q51525
511,Q515274
1626,Q515294
407,Q51535
270,Q51537
274,Q51547
163,Q51552
187,Q51566
441,Q51570
267,Q51575
423,Q51577
251,Q51582
409,Q51583
1239,Q515883
746,Q516092
1783,Q516566
1719,Q516683
1520,Q516764
1859,Q516780
792,Q517040
1680,Q517831
1732,Q518558
895,Q518905
2053,Q519207
661,Q519473
1542,Q5203158
593,Q520346
2110,Q521379
1975,Q5217339
936,Q5217943
2160,Q5218087
1818,Q5222779
777,Q522288
1843,Q5231372
2011,Q5234232
2029,Q5234993
1422,Q5237001
1908,Q5239953
903,Q5240862
505,Q52411
1006,Q5246414
2052,Q5248446
546,Q5249738
1668,Q5256332
2026,Q5258165
1886,Q5261791
1157,Q5265169
1419,Q526861
1015,Q526865
1491,Q527052
907,Q5273379
1318,Q5273554
478,Q528058
2138,Q5290941
2021,Q5292521
1692,Q5293041
832,Q529696
743,Q529780
1549,Q5300430
1392,Q5300549
686,Q53006
355,Q53009
1969,Q5301998
1848,Q5302109
247,Q531599
1356,Q5318819
2204,Q5325990
1409,Q5335230
1381,Q5345448
1203,Q534825
1445,Q534994
765,Q5362559
1728,Q536264
633,Q536884
1918,Q537520
915,Q537808
1150,Q538824
1270,Q539263
1034,Q5393137
1947,Q5393656
1715,Q5394805
1390,Q539757
1315,Q539765
1713,Q5407284
507,Q540784
795,Q541608
1004,Q541621
1193,Q541868
954,Q542167
847,Q5423349
1217,Q542481
1293,Q543171
1280,Q543179
984,Q543498
1232,Q543506
1553,Q544350
121,Q544465
1120,Q544620
825,Q544658
1093,Q544960
350,Q545573
414,Q546204
1468,Q546453
483,Q547495
1438,Q5491692
1729,Q5494048
764,Q55070915
1316,Q551678
705,Q55230
173,Q55245
1179,Q5525833
335,Q55260
346,Q55264
448,Q55303
1994,Q5531515
813,Q5534603
1699,Q5539579
1420,Q5539681
1884,Q5539947
192,Q55400
1850,Q5541086
459,Q55420
359,Q55428
1733,Q5546145
831,Q555910
300,Q55796
1971,Q5585524
484,Q56011
427,Q56014
166,Q56016
2059,Q5606950
262,Q5608
158,Q56094
129,Q56095
217,Q56095
888,Q562874
846,Q568245
1184,Q568941
1547,Q570352
2000,Q571348
592,Q573164
1926,Q5735121
814,Q573813
869,Q579550
405,Q585668
1131,Q586320
1129,Q587741
1119,Q58814632
1456,Q58814632
942,Q588246
446,Q588745
1653,Q588933
1007,Q589483
503,Q59085
316,Q59129
203,Q591785
82,Q59215
1846,Q5925991
115,Q59314
1040,Q5948227
712,Q59525
381,Q59821
318,Q59824
1814,Q5983040
1760,Q599840
2175,Q6014455
634,Q60191900
1047,Q602779
2121,Q603470
1028,Q607280
581,Q60784779
614,Q60842615
493,Q6092676
821,Q6106999
2194,Q6112282
2203,Q6113228
1595,Q6115256
2020,Q6115344
555,Q611586
562,Q611672
945,Q6123672
2043,Q61269467
1108,Q61269987
1332,Q6129717
1834,Q6131726
632,Q6139878
1655,Q6173303
678,Q61740820
763,Q61740820
1863,Q6175927
1552,Q6176209
573,Q6178529
1340,Q6182734
1973,Q6183560
645,Q6187572
1234,Q6193924
1408,Q6194863
600,Q6199802
773,Q62099
2218,Q6217561
1075,Q6224742
2145,Q6228949
1773,Q6235705
1601,Q6245206
1074,Q6248706
1648,Q6248943
537,Q62503
770,Q6261809
1874,Q6262155
1305,Q6263043
1121,Q6272244
525,Q6272528
938,Q6274324
637,Q6289383
471,Q6317989
1469,Q634059
1249,Q6373828
1010,Q6379685
1906,Q6388685
1716,Q6390383
2001,Q6390700
778,Q6390767
806,Q6397121
788,Q6397775
884,Q63997
1905,Q6415433
1862,Q642196
1073,Q643529
695,Q6437747
1183,Q645627
1536,Q6460024
1527,Q64768198
602,Q648611
1701,Q6491159
699,Q6499321
2167,Q6510549
1936,Q6525738
667,Q653159
708,Q653911
2018,Q655911
1238,Q656655
1989,Q6577733
1343,Q657828
756,Q658614
1836,Q65906
42,Q65932
1155,Q664592
965,Q66637
1348,Q6669571
2129,Q6686914
1397,Q668877
824,Q6702134
1800,Q6708924
1931,Q6742212
1576,Q675536
1484,Q6766716
676,Q6766850
1017,Q6767169
1339,Q6769034
1330,Q6769166
1100,Q6770108
1107,Q6770276
1477,Q6776457
1451,Q678500
1247,Q6791367
2027,Q6808722
2074,Q681097
2086,Q6814035
1995,Q6847308
1371,Q6864022
1474,Q687997
1662,Q690973
1654,Q6939467
1523,Q6948475
1019,Q695608
1025,Q697096
1385,Q7027795
1086,Q7029566
1932,Q7032564
1016,Q703611
1265,Q704080
366,Q704378
1461,Q70495
994,Q705058
524,Q705156
1251,Q7052273
719,Q705440
1310,Q706490
930,Q706668
514,Q706993
809,Q707064
1105,Q708204
32,Q7088045
1097,Q708870
1964,Q708878
974,Q709413
917,Q709583
880,Q709857
2197,Q710059
990,Q710076
240,Q710180
2064,Q710209
1929,Q710986
962,Q711664
1956,Q712055
200,Q71206
252,Q71243
248,Q71275
1051,Q712851
1347,Q712874
1373,Q713301
519,Q714
383,Q7141888
1023,Q71424
1355,Q714747
1816,Q7154200
1037,Q716552
1336,Q717147
438,Q717302
2089,Q7175329
553,Q7176523
527,Q7177037
2122,Q7177189
1465,Q7177826
1035,Q717851
288,Q7182133
851,Q7183409
1134,Q7184429
1253,Q718606
646,Q719035
1768,Q719424
552,Q720293
1067,Q721027
977,Q721174
453,Q721219
758,Q721671
451,Q721922
428,Q72267
1273,Q722817
1053,Q723837
1148,Q724012
753,Q724586
1980,Q72595
741,Q72614
772,Q726671
365,Q72717
881,Q727562
873,Q727904
897,Q72792
283,Q7279398
986,Q728542
1677,Q728558
733,Q7292453
1970,Q7297184
183,Q7297814
1882,Q7298275
377,Q72984
1787,Q730318
2200,Q7313314
1877,Q7323363
1579,Q7324071
1675,Q7325136
1891,Q7325147
239,Q732661
1731,Q7328524
1940,Q7331356
1985,Q7340797
1598,Q7342791
1934,Q7344801
1839,Q7345660
2088,Q7345661
1804,Q7346990
1453,Q7347226
494,Q7347926
2151,Q7348204
1684,Q7349772
1833,Q7349903
571,Q7357051
2148,Q7358326
1333,Q7363558
801,Q736466
1778,Q7372659
1546,Q7373472
1323,Q7381873
541,Q740071
1672,Q7407350
1113,Q742622
2073,Q7427307
1102,Q742896
1539,Q743189
1517,Q7440991
1585,Q745648
677,Q7482626
623,Q750718
1521,Q7509070
1738,Q7519094
972,Q7535711
518,Q76081666
762,Q7610486
1924,Q7612146
775,Q7612676
1228,Q7613575
2162,Q762104
2006,Q7627028
1252,Q7627249
244,Q76364
970,Q76532
1244,Q766468
919,Q7668360
1304,Q7681203
89,Q76819
231,Q76895
585,Q77181
1281,Q774270
1452,Q7800273
1939,Q7812278
672,Q7815460
1153,Q7815804
1263,Q7817415
1761,Q7818040
2091,Q7831843
1566,Q7839497
953,Q786660
1250,Q7914705
2114,Q7921878
850,Q795022
1170,Q795100
2104,Q7964759
17,Q80046
1534,Q8009759
2177,Q8012438
1709,Q8013896
2082,Q8015332
2,Q80405
169,Q80739
909,Q807536
811,Q808917
30,Q80966
1399,Q8114871
547,Q816456
1660,Q816504
1554,Q817511
1597,Q822271
1295,Q823580
1207,Q827371
1369,Q82838167
1173,Q8289
1260,Q82958
1171,Q830079
1202,Q830079
1405,Q830079
1178,Q831536
713,Q83233
59,Q83338
1180,Q8339
913,Q8342
1400,Q8346
245,Q83484
5,Q83492
1820,Q8351
860,Q8354
1831,Q83540213
1781,Q83651063
1335,Q8372
925,Q840437
1142,Q84759640
671,Q849884
1125,Q8512
882,Q8586
1540,Q8599
1219,Q862160
2051,Q8644
932,Q8651
1914,Q86593
1603,Q8662
1544,Q86885
330,Q8704
1166,Q8728
57,Q873
223,Q882
35,Q8877
1573,Q887797
1688,Q887947
976,Q888156
1543,Q89017
95,Q8927
2041,Q893694
1706,Q893712
340,Q910486
1923,Q911247
1630,Q911744
372,Q912327
1200,Q912572
2195,Q913050
1589,Q913173
1805,Q914315
1462,Q916177
603,Q918558
1974,Q918591
951,Q919063
1398,Q91933
1071,Q919642
854,Q922527
436,Q925302
696,Q926054
978,Q926614
1013,Q927472
1869,Q92767496
1351,Q92776622
840,Q927824
630,Q931009
100,Q93187
998,Q934027
486,Q934964
1320,Q936212
578,Q93632
948,Q938810
225,Q93957
794,Q939842
894,Q940271
1240,Q940393
328,Q94041
216,Q94123
693,Q942506
344,Q942932
640,Q944140
1136,Q945402
921,Q947044
367,Q94992
233,Q95002
418,Q95019
184,Q95026
207,Q95030
531,Q950428
152,Q95048
337,Q95055
284,Q95068
333,Q95076
1388,Q950808
306,Q95089
649,Q95111
364,Q95125
1811,Q951368
495,Q95143
398,Q956533
604,Q956822
1727,Q957361
823,Q959259
1165,Q960311
1081,Q961454
983,Q961851
829,Q961893
544,Q963628
1412,Q964595
1784,Q965367
826,Q965659
1029,Q966018
2078,Q96606
1698,Q96777
1391,Q968440
371,Q968840
877,Q972585
1949,Q973126
1968,Q973528
906,Q973687
1364,Q974385
818,Q975609
510,Q977546
690,Q977853
1619,Q978680
833,Q979511
2048,Q980785
1169,Q982880
1104,Q983356
1507,Q984007
675,Q991682
2101,Q993144
609,Q99372651
1717,Q998528
1496,Q998799